Workbook

Sheet Results
A1: Test case | B1: Type | C1: Containers | D1: Yard moves (new) | E1: Loads | F1: Total moves (new) | G1: Total moves (old main) | H1: Moves saved | I1: % saved
A2: random1 | B2: Random | C2: 75 | D2: 53 | E2: 75 | F2: =D2+E2 -> 128 | G2: 373 | H2: =G2-F2 -> 245 | I2: =IFERROR(H2/G2,0) -> 0.65683646
A3: random2 | B3: Random | C3: 75 | D3: 58 | E3: 75 | F3: =D3+E3 -> 133 | G3: 337 | H3: =G3-F3 -> 204 | I3: =IFERROR(H3/G3,0) -> 0.60534125
A4: random3 | B4: Random | C4: 60 | D4: 33 | E4: 60 | F4: =D4+E4 -> 93 | G4: 241 | H4: =G4-F4 -> 148 | I4: =IFERROR(H4/G4,0) -> 0.61410788
A5: random4 | B5: Random | C5: 80 | D5: 55 | E5: 80 | F5: =D5+E5 -> 135 | G5: 470 | H5: =G5-F5 -> 335 | I5: =IFERROR(H5/G5,0) -> 0.71276596
A6: random5 | B6: Random | C6: 80 | D6: 57 | E6: 80 | F6: =D6+E6 -> 137 | G6: 492 | H6: =G6-F6 -> 355 | I6: =IFERROR(H6/G6,0) -> 0.72154472
A7: random6 | B7: Random | C7: 65 | D7: 49 | E7: 65 | F7: =D7+E7 -> 114 | G7: 311 | H7: =G7-F7 -> 197 | I7: =IFERROR(H7/G7,0) -> 0.63344051
A8: random7 | B8: Random | C8: 67 | D8: 35 | E8: 67 | F8: =D8+E8 -> 102 | G8: 332 | H8: =G8-F8 -> 230 | I8: =IFERROR(H8/G8,0) -> 0.69277108
A9: random8 | B9: Random | C9: 66 | D9: 43 | E9: 66 | F9: =D9+E9 -> 109 | G9: 326 | H9: =G9-F9 -> 217 | I9: =IFERROR(H9/G9,0) -> 0.66564417
A10: random9 | B10: Random | C10: 74 | D10: 55 | E10: 74 | F10: =D10+E10 -> 129 | G10: 396 | H10: =G10-F10 -> 267 | I10: =IFERROR(H10/G10,0) -> 0.67424242
A11: random10 | B11: Random | C11: 58 | D11: 35 | E11: 58 | F11: =D11+E11 -> 93 | G11: 234 | H11: =G11-F11 -> 141 | I11: =IFERROR(H11/G11,0) -> 0.6025641
A12: random11 | B12: Random | C12: 57 | D12: 29 | E12: 57 | F12: =D12+E12 -> 86 | G12: 244 | H12: =G12-F12 -> 158 | I12: =IFERROR(H12/G12,0) -> 0.64754098
A13: random12 | B13: Random | C13: 62 | D13: 40 | E13: 62 | F13: =D13+E13 -> 102 | G13: 261 | H13: =G13-F13 -> 159 | I13: =IFERROR(H13/G13,0) -> 0.6091954
... A62: solved13 | B62: Solved | C62: 80 | D62: 0 | E62: 80 | F62: =D62+E62 -> 80 | G62: 80 | H62: =G62-F62 -> 0 | I62: =IFERROR(H62/G62,0) -> 0
A64: Notes
A65: Blue numbers are planner outputs (hardcoded). Black cells are formulas.
A66: New = planner.py on branch planner-targeted-yard-sort (PR #6). Old = planner.py on current main (commit 117cec4).
A67: Inputs: the 61 CSVs in Desktop/SEC HACKATHON/Test Cases. Every plan was replay-checked; no yard moves happen after loading starts, so no 3x penalty.

Sheet Summary
A1: Type | B1: Test cases | C1: Avg containers | D1: Avg yard moves (new) | E1: Avg total moves (new) | F1: Avg total moves (old main) | G1: Avg % saved | H1: Max total moves (new)
A2: Random | B2: =COUNTIF(Results!$B$2:$B$62,A2) -> 35 | C2: =AVERAGEIF(Results!$B$2:$B$62,A2,Results!$C$2:$C$62) -> 64.428571 | D2: =AVERAGEIF(Results!$B$2:$B$62,A2,Results!$D$2:$D$62) -> 39.514286 | E2: =AVERAGEIF(Results!$B$2:$B$62,A2,Results!$F$2:$F$62) -> 103.94286 | F2: =AVERAGEIF(Results!$B$2:$B$62,A2,Results!$G$2:$G$62) -> 295.77143 | G2: =AVERAGEIF(Results!$B$2:$B$62,A2,Results!$I$2:$I$62) -> 0.64228612 | H2: =SUMPRODUCT(MAX((Results!$B$2:$B$62=A2)*Results!$F$2:$F$62)) -> 137
A3: Reversed | B3: =COUNTIF(Results!$B$2:$B$62,A3) -> 13 | C3: =AVERAGEIF(Results!$B$2:$B$62,A3,Results!$C$2:$C$62) -> 66.923077 | D3: =AVERAGEIF(Results!$B$2:$B$62,A3,Results!$D$2:$D$62) -> 45.076923 | E3: =AVERAGEIF(Results!$B$2:$B$62,A3,Results!$F$2:$F$62) -> 112 | F3: =AVERAGEIF(Results!$B$2:$B$62,A3,Results!$G$2:$G$62) -> 256.61538 | G3: =AVERAGEIF(Results!$B$2:$B$62,A3,Results!$I$2:$I$62) -> 0.55581924 | H3: =SUMPRODUCT(MAX((Results!$B$2:$B$62=A3)*Results!$F$2:$F$62)) -> 146
A4: Solved | B4: =COUNTIF(Results!$B$2:$B$62,A4) -> 13 | C4: =AVERAGEIF(Results!$B$2:$B$62,A4,Results!$C$2:$C$62) -> 69.230769 | D4: =AVERAGEIF(Results!$B$2:$B$62,A4,Results!$D$2:$D$62) -> 0 | E4: =AVERAGEIF(Results!$B$2:$B$62,A4,Results!$F$2:$F$62) -> 69.230769 | F4: =AVERAGEIF(Results!$B$2:$B$62,A4,Results!$G$2:$G$62) -> 69.230769 | G4: =AVERAGEIF(Results!$B$2:$B$62,A4,Results!$I$2:$I$62) -> 0 | H4: =SUMPRODUCT(MAX((Results!$B$2:$B$62=A4)*Results!$F$2:$F$62)) -> 80
A5: All | B5: =SUM(B2:B4) -> 61 | C5: =AVERAGE(Results!$C$2:$C$62) -> 65.983607 | D5: =AVERAGE(Results!$D$2:$D$62) -> 32.278689 | E5: =AVERAGE(Results!$F$2:$F$62) -> 98.262295 | F5: =AVERAGE(Results!$G$2:$G$62) -> 239.14754 | G5: =AVERAGE(Results!$I$2:$I$62) -> 0.4869781 | H5: =MAX(Results!$F$2:$F$62) -> 146
A30: Trendlines (new algorithm): total moves = slope x containers + intercept
A31: Type | B31: Slope | C31: Intercept | D31: R squared
A32: Random | B32: =SLOPE(Results!$F$2:$F$36,Results!$C$2:$C$36) -> 2.1601284 | C32: =INTERCEPT(Results!$F$2:$F$36,Results!$C$2:$C$36) -> -35.231132 | D32: =IFERROR(RSQ(Results!$F$2:$F$36,Results!$C$2:$C$36),1) -> 0.86942085
A33: Reversed | B33: =SLOPE(Results!$F$37:$F$49,Results!$C$37:$C$49) -> 2.6655963 | C33: =INTERCEPT(Results!$F$37:$F$49,Results!$C$37:$C$49) -> -66.389908 | D33: =IFERROR(RSQ(Results!$F$37:$F$49,Results!$C$37:$C$49),1) -> 0.99558954
A34: Solved | B34: =SLOPE(Results!$F$50:$F$62,Results!$C$50:$C$62) -> 1 | C34: =INTERCEPT(Results!$F$50:$F$62,Results!$C$50:$C$62) -> 0 | D34: =IFERROR(RSQ(Results!$F$50:$F$62,Results!$C$50:$C$62),1) -> 1

Sheet Charts
A1: Charts read from the Results sheet; they update if those numbers change.
